year,p95_mm_day,p99_mm_day,drainage_capacity_mm,extreme_risk_p99
2015,19.58,49.94,25.0,99.8
2016,16.83,38.82,25.0,55.3
2017,15.42,28.74,25.0,15.0
2018,11.46,26.42,25.0,5.7
2019,16.84,31.8,25.0,27.2
2020,18.31,36.3,25.0,45.2
2021,23.77,56.3,25.0,125.2
2022,28.87,39.62,25.0,58.5
2023,21.9,33.07,25.0,32.3
2024,19.66,30.14,25.0,20.6
